drop table if exists t_old;
create temp table t_old as
select *
from dash360.allocations_snapshot(
        in_account_ids := array [68404,70241,56973,33571,33572,51423,51424,33569,33570,69745,23792,21258,5828,23521,62261,31149,31150,31329,31332,31330,31333,31331,31334,53630,53629,34717,34718,34719,34720,34721,34722,34723,34724,58569,66320,61713,10064,10040,23533,23530,50141,50142,50163,68174,64278,78323,78417,75463,73913,75928,73929,78330,74920,66374,63743,63742,75459,73978,73974,14916,22969,12049,70664,70665,70726,70651,70723,70724,70661,70727,70662,70725,12053,12052,29199,12050,29196,29197,12056,29200,12055,29198,75865,31689,6908,11143,70284,56814,27217,75326,63159,76231,6708,58991,71171,69433,69423,73111,64599,20520,20519,57719,58050,8232,69810,69913,71365,64664,63310,23814,52341,78734,31209,74054,24071,64616,14196,29171,30771,13690,13678,14009,13691,68947,49560,66298,62141,63324,62143,26223,33669,63051,68948,64851,34747,28610,22353,55553,23565,22819,22822,23177,22811,22528,59932,77707,64885,69782,74971,73517,74815,77372,77374,72431,71701,71651,76975,76974,76973,75730,69785,73751,69783,69641,69784,74830,75828,72949,74972,10423,23643,69646,69529,69531,69649,69528,69530,69643,69648,69645,69650,69647,70160,69644,69251,69249,69250,69255,69257,69258,69256,69254,69253,69252,69260,63154,2385,13694,72111,51441,63527,63528,76966,76967,49568,32469,35589,26311,64684,15871,15872,15866,68353,15867,64725,55537,23182,64687,54229,15874,16005,15877,26049,64696,15879,64699,15881,15882,15884,15886,15887,15888,52621,15889,15890,53969,15891,61718,15892,15902,23789,15893,64700,64701,15896,64702,15899,63428,23646,20448,68489,34589,63396,74126,25776,62096,31931,31994,31992,31995,31993,31996,31929,31930,64936,64934,64933,64935,24974,31809,32770,58474,32809,56452,32772,69337,70779,56732,63667,52181,52182,68580,68992,57975,67839,68931,67829,73453,73619,73525,73618,57214,57542,57280,76228,57933,58829,75511,74191,77692,31972,73478,63387,62220,76033,77103,71119,52321,31794,63693,37930,59936,31792,30373,31289,38466,38537,62531,38538,63325,63326,72366,72435,68065,62607,63715,63716,69031,74193,20869,63712,78713,77305,58051,56334,72464,32089,71635,73935,74192,70517,55293,77281,34649,31782,54349,73934,55673,75923,54632,62534,62535,62510,73555,64672,57073,68037,69998,36695,69332,31884,78639,31787,58931,75697,71589,65015,54126,67821,73936,54309,77705,54654,53206,78168,78341,78169,38925,68603,67897,67896,76167,55114,63239,67820,78167,78027,37905,31795,71592,70243,59900,70406,23279,34750,56760,56672,56673,56834,61791,63447,25566,63445,22262,21150,21151,37715,21700,20592,20594,53927,22524,26370,72004,63882,63883,63884,63886,68286,68287,68288,68289,72388,72389,72390,72391,72392,72393,11392,11393,2928,9392,20509,71706,71707,30033,75737,75807,60151,60152,22089,22095,22090,20952,20953,20954,77996,77997,77998,77999,78000,2927,5056,12811,68282,68284,68285,72407,72408,72409,72410,72411,72412,54490,53366,75760,23797,23800,23801,13058,75631,75632,63887,63888,63889,63890,63891,63892,63893,63894,63895,16056,16057,15690,15177,20774,20775,20852,20853,20855,25889,72156,72070,7993,72307,77609,71055,71056,71057,71058,71059,71060,71061,71062,71063,71064,71051,71052,71053,72873,71054,71065,71066,77437,77645,75705,34889,56773,23352,63429,14078,14160,14159,25109,14079,14080,70275,67833,64939,65120,69191,53748,51365,51361,62536,73694,14420,51362,38851,16035,16053,38849,67757,38850,38852,51364,51363,54292,54293,36289,59389,59391,59392,59393,22659,59395,59420,59397,59413,61169,57458,59434,59398,59401,59402,59417,59408,59405,59406,59407,59414,59411,59412,59419,67536,65000,71297,14968,14969,15092,15094,15091,15093,13672,13673,13674,13675,29550,38487,7548,71878,71886,71879,22837,6676,1375,13469,32369,55794,55795,32389,23371,23372,23373,72120,23374,23375,23362,23363,23364,23365,23367,55772,54159,56754,57334,57593,57915,62511,64272,69341,72872,71305,69815,70122,70123,70124,70125,70126,74117,74118,74119,28930,13186,22104,22106,22109,22112,22113,22115,22116,22119,57052,54723,52306,57335,68991,69073,69343,60246,60247,60248,62756,62608,62583,73916,69344,69816,71324,73999,74000,11339,11340,14527,14529,26013,11806,26009,11807,14531,26015,21058,78012,78744,73553,75613,68414,68416,68423,68421,68422,68420,68419,68418,21688,64268,64269,31435,31436,31415,31416,29571,29572,56997,26312,67177,67677,65095,67178,67678,52278,52167,60072,50242,21699,1317,24659,23764,73671,73679,63546,63547,55078,55079,23569,24272,24600,23572,14965,24196,15767,15768,15766,77280,23773,29990,18105,29991,29992,20633,20634,23398,22523,37910,25089,29993,18107,29994,62532,62533,28309,16225,78044,16226,16227,16228,22326,22327,22328,22329,22330,22331,22332,22333,22334,22335,22336,22337,77359,72911,76002,76846,76353,59254,11907,49620,52223,52224,52225,52226,52227,52228,52221,52229,52231,52232,52233,52234,52235,52236,52237,52238,52240,52241,52242,52243,52244,52245,52246,52248,52249,52250,52251,52252,52253,52254,52255,52256,52257,52258,52259,52260,52261,52262,52263,52264,52265,52266,52267,52268,52269,52270,52271,52272,52273,51343,53749,49520,50301,57275,22410,22411,22412,74539,74544,74547,74549,74553,74556,74557,74558,74559,74782,74567,74569,74572,74574,74591,74592,74593,74594,74598,74600,74604,74605,74606,74608,74609,74610,74611,74612,74618,74621,74624,74626,74628,74631,74636,74639,74642,74649,74654,74657,74662,74665,74668,74670,74675,74677,74680,74681,74682,74683,74684,74685,74686,74694,74696,74698,74700,74702,74705,74708,74710,74712,74715,74716,74721,74724,74726,74729,74731,74733,74735,74737,74739,74741,74746,74748,74749,74751,74753,74755,74757,74759,74761,74763,74766,74768,74770,74772,74773,74783,74774,74776,74778,74781,74780,74777,74775,74767,74765,74760,74756,74754,74747,74742,74740,74736,74734,74732,74730,74728,74727,74723,74722,74720,74714,74711,74709,74707,74703,74701,74693,74692,74691,74689,74688,74687,74679,74678,74676,74674,74672,74671,74669,74667,74666,74663,74661,74659,74656,74655,74653,74651,74650,74648,74646,74643,74641,74638,74637,74635,74633,74632,74629,74623,74622,74620,74619,74616,74599,74590,74588,74587,74564,74562,74560,74554,74552,74550,74546,74545,74540,75685,74175,73136,73156,73249,73225,73224,73223,73220,73216,73212,73208,73158,73206,73201,73199,73195,73188,73186,73180,73178,73175,73174,73173,73171,73170,73168,73165,73163,73162,73160,73159,73157,73287,73290,73154,73166,73153,73151,73150,73149,73148,73146,73145,73167,73141,73301,73302,73303,73304,73305,73306,73307,73308,73169,73309,73310,73311,73312,73313,73314,73315,73316,73317,73318,73319,73320,73321,73322,73323,73324,73325,73326,73327,73328,73329,73330,73331,73332,73333,73334,73335,73336,73337,73338,73177,73339,73340,73341,73342,73343,73344,73345,73346,73347,73348,73179,73349,73258,73182,73183,73184,73185,73187,73189,73190,73191,73291,73192,73193,73142,73194,73196,73197,73198,73200,73202,73203,73143,73204,73205,73207,73209,73210,73211,73144,73213,73214,73215,73217,73218,73219,73221,73222,73226,73227,73228,73229,73230,73231,73232,73233,73234,73235,73236,73237,73240,73241,73242,73244,73245,73246,73248,73155,73247,73243,73239,73238,73250,73920,73919,73355,73361,73364,73374,73375,73376,73378,73379,73382,54799,67744,69532,59257,67609,68292,53262,53163,53082,53084,53301,53302,53303,53304,53305,53306,53308,53310,53311,53312,53313,53314,53315,53263,53271,53270,53281,53164,62993,22477,62994,22749,22078,32970,32971,22829,27509,23811,23433,14052,16412,53041,57981,57792,22055,12941,12802,13066,13065,12944,12803,74534,76170,77387,64864,68462,68987,75384,69038,59570,76360,76211,64683,75256,61149,68267,75668,63569,69040,75564,77438,74179,69421,70490,68919,75880,74499,69212,74538,76177,74492,73568,62652,76039,68149,62755,69079,75665,76241,77390,76052,76099,76059,76101,76082,76361,76239,76058,76061,76043,76095,76143,77180,76073,76048,77439,76135,76070,76053,76044,76145,76137,76106,76138,76240,76057,76130,76045,76242,76092,76049,76103,5057,15837,30709,31363,69218,69164,21215,22085,22086,63392,63391,8712,11344,9432,63596,20859,63616,25330,25331,25332,25333,25334,25335,25336,25337,25341,25342,25343,25344,24642,33649,33509,53568,53570,53573,53576,63672,77615,25370,63604,35710,70130,70132,12010,12009,11772,11775,12011,12012,67214,74832,73684,30289,30649,30309,11822,25401,11821,52641,25400,11820,26020,71467,71528,34533,71529,37918,71509,24641,77013,11823,25402,26017,25404,11824,25403,60078,23234,74153,75263,75000,75264,75001,75262,72851,72852,72846,72847,72853,72848,73930,72854,72850,72845,75282,72849,72860,61194,34490,34489,35330,38484,61209,61210,61211,61212,61213,61214,61215,61216,61217,61218,61219,61220,61221,66319,61222,61223,61224,61225,61226,61227,61228,61229,61230,61231,61232,61233,61234,61235,61236,61237,61238,61239,61240,61241,61242,61243,61244,61245,61246,61247,61248,61249,61250,61251,61252,61253,61254,61255,61256,61257,61258,61259,61260,61261,61262,61263,61264,61265,61266,61267,61268,61269,61270,61271,61272,61273,61274,61275,61276,61277,61278,61279,61280,61281,61282,61283,61284,61285,61286,61287,61288,61289,61290,61291,61292,61293,61294,61295,61296,61297,61298,61299,61300,61301,61302,61303,61304,61305,61306,61307,61308,61309,61310,61311,61312,61313,61314,61315,61316,61317,61318,61319,61320,61321,61322,61323,61324,61325,61326,61327,61328,61329,61330,61331,61332,61333,61334,61335,61336,61337,61338,61339,61340,61341,61342,61343,61344,61345,61346,61347,61348,61349,61350,61351,61352,61353,61354,61355,61356,61357,61358,61359,61360,61361,61362,61363,61364,61365,61366,61367,61368,61369,61370,61371,61372,61373,61374,61375,61376,61377,61378,61379,61380,61381,61382,61383,61384,61385,61386,61387,61388,61389,61390,61391,61392,61393,61394,61395,61396,61397,61398,61399,61400,61401,61402,61403,61404,61405,61406,61407,61408,61409,61410,61411,61412,61413,61414,61415,61416,61417,61418,61419,61420,61421,61422,61423,61424,61425,61426,61427,61428,61429,61430,61431,61432,61433,61434,61435,61436,61437,61438,61439,61440,61441,61442,61443,61444,61445,61446,61447,61448,61449,61450,61451,61452,61453,61454,61455,61456,61457,61458,61459,61460,61461,61462,61463,61464,61465,61466,61467,61468,61469,61470,61471,61472,61473,61474,61475,61476,61477,61478,61479,61480,61481,61482,61483,61484,61485,61486,61487,61488,61489,61490,61491,61492,61493,61494,61495,64650,61496,61497,61498,61499,61500,61501,61502,61503,61504,61505,61506,61507,61508,61509,61510,61511,61512,61513,61514,61515,61516,61517,61518,61519,61520,61521,61522,61523,61524,61525,61526,61527,61528,61529,61530,61531,61532,61533,61534,61535,61536,61537,61538,61539,61540,61541,61542,63351,61543,61544,61545,61546,61547,61548,61549,61550,61551,61552,61553,61554,61555,61556,61557,61558,61559,61560,61561,61562,61563,61564,61565,61566,61567,61568,61569,61570,61571,61572,61573,62573,61574,61575,61576,61577,61578,61579,61580,61581,61582,61583,61584,61585,61586,61587,61588,61589,61590,61591,61592,61593,61594,61595,61596,61597,61598,61599,61600,61601,61602,61603,61604,61605,61606,61607,61608,61609,61610,61611,61612,61613,61614,61615,61616,61617,61618,61619,61620,61621,61622,61623,61624,61625,61626,61627,61628,61629,61630,61631,61632,61633,61634,61635,61636,61637,61638,61639,61640,62459,61641,61642,61643,61644,61645,61646,61647,61648,61649,61650,61651,61652,61653,61654,61655,61656,62574,62575,63862,63863,61657,66343,68326,61658,61659,61660,61661,61662,61663,61664,61665,61666,61667,61668,61669,61670,61671,61672,61673,61674,61675,61676,61677,61678,61679,61680,61681,61682,61683,61684,61685,62530,61686,61687,61688,61689,61690,61691,61692,61693,61694,63105,61695,61696,61697,61698,61699,61700,61701,61702,61703,55554,32909,68513,70064,6628,73821,63377,63376,62121,76359,77657,62202,62203,62201,62240,29216,27869,27870,30489,30349,30350,63390,71418,53441,69340,72886,77203,71335,71336,77201,77202,77200,60041,26828,67846,26770,26771,10952,28330,11253,11074,10955,10954,10956,58169,58192,58188,58191,58186,58187,58189,58201,58185,56412,58207,58208,58209,58210,58211,58205,58206,68264,58196,1183,73074,75622,7931,68542,68612,69612,7068,6828,68537,20500,9594,9593,9374,16205,9375,27350,9612,36687,11779,11780,78190,74535,72153,22754,21850,53738,53739,22503,20086,33290,33389,33390,33371,33372,33391,33392,33369,33370,22840,64804,64805,64797,64812,68275,68273,68274,64811,70066,78397,78398,78399,77274,75646,78412,78413,78414,77278,75650,31169,30870,30873,30871,30874,30869,30872,29813,53494,14228,14270,14271,14254,14257,14252,14255,14253,14256,19131,23559,23560,23561,24573,24574,24575,24576,72876,72879,72878,72882,72881,72883,72880,72884,72877,73664,73663,67967,69776,73495,77146,73924,76188,72819,72820,76977,73465,75857,74120,73992,76978,74890,75741,76979,75801,74340,73985,72821,72093,72936,76342,75754,77145,78281,77192,73611,78282,72822,72823,72825,78698,77217,72863,72905,74921,74876,76972,72824,68305,53769,12013,69822,12014,51784,74097,75944,75945,77138,77025,75947,75979,75949,75950,75951,75952,77388,75953,78038,20546,62491,56756,75955,75956,77158,75958,75959,78640,75960,75961,68397,67849,69318,75468,68679,38493,53910,27651,49549,49550,27653,27652,27654,54517,54518,54519,54520,27655,70316,27656,49548,49551,27657,27658,27659,54598,27660,69818,21892,22143,22142,15970,15846,76016,53728,76230,77852,75704,69892,56094,54022,54020,23654,53954,23648,53956,23656,23658,53959,54016,54015,54017,54019,23660,69282,71070,71069,70286,22415,68409,14288,69797,23354,63485,22686,22683,22407,22409,22408,68091,68090,21148,21149,61082,61083,61084,61085,65018,65019,63170,63173,63171,63174,16308,16309,16310,16311,12791,61809,61189,61190,64869,64873,64870,64874,64871,64875,64872,64876,32789,32790,73547,73546,71328,71329,69293,69294,53467,53468,20690,20689,29770,29771,20134,20133,73470,73469,72414,72415,23634,23635,7228,1641,13754,1642,13383,13751,8212,3602,3603,604,630,7670,605,7671,14659,12833,13160,13159,14161,13157,12650,14658,13158,14162,13156,12649,63172,63175,63018,63019,70360,70362,70361,70363,12935,7089,7090,15630,15629,16425,16426,5076,5077,56893,56894,25868,25869,5119,5120,63698,63699,65107,65111,65109,65113,65108,65112,65110,65114,63708,63709,15180,32609,22379,22382,22385,22388,22391,22394,22358,22047,22044,22038,22045,22048,22046,26111,54724,31991,4292,52823,14967,30630,63524,30654,35135,35849,35921,35923,35924,35925,35926,35927,35928,34323,35971,35972,35989,34324,35990,35991,35993,36189,36693,37884,38521,49724,50022,51329,52068,52161,52176,52585,52702,52981,53550,54774,54903,55292,55993,56656,57253,34313,57989,58076,60251,62157,62620,34314,34344,34348,34353,34358,34359,34372,34375,34376,34377,34380,34384,34385,38522,34393,34397,34399,34401,34320,34405,35129,63568,63435,63659,67648,63660,63661,74786,62910,72586,74996,63469,62674,62890,69805,71696,75712,62905,71109,63015,74107,68213,62892,77169,62902,63523,62802,63316,76191,62673,73452,62986,63707,70162,62926,63248,62880,69419,75467,62920,72496,62841,63703,62965,63785,69743,62712,62765,69287,62669,62844,72164,62867,62797,75802,62912,62714,62872,62918,62895,68532,78730,71728,62915,69297,62917,62987,68621,71727,71918,62901,62668,62692,62879,62884,73853,68107,62988,62896,68271,67679,67443,62877,78754,62923,62686,62667,72049,71585,72121,71108,63788,71925,62728,69413,72003,75465,62907,62881,62891,62675,70738,62795,62885,68225,65131,62873,70739,63350,64999,68215,71292,68614,68039,69964,63352,70752,69825,63702,77001,71643,62716,63440,68596,68338,63353,76350,63346,62922,70272,68281,68089,67949,70158,62887,62657,68172,72441,69414,72924,71323,62685,72442,70273,62777,62705,62804,63787,68683,68270,66341,70271,72439,62928,62893,62687,70666,62695,69827,62882,71711,70619,62671,69412,68293,77314,62927,62813,62925,68011,62985,69138,71697,63612,68769,62694,71303,69320,63347,62670,63470,62658,69791,69336,70163,68170,69415,74950,69042,62963,62886,73086,63106,71613,62725,62914,71419,72440,62888,62889,62900,62790,62911,62906,68595,72050,62919,62894,70180,62786,62916,62929,62931,62954,62772,62898,62883,62909,62861,62924,62767,62774,64675,62913,62932,62862,63282,62810,63797,71709,62903,73121,62806,62897,63016,62805,77682,62904,63022,63005,69434,63028,63026,63161,63270,67747,63321,63424,63606,72459,75299,64727,64822,77223,73383,71107,73888,69086,66321,67188,67604,67610,73614,77173,77014,68615,68113,68214,68294,68374,69430,77467,68616,68690,72587,68969,69063,69048,69165,69227,69286,69418,69420,69590,72066,69828,69829,69930,69965,78753,70233,70074,70085,70237,78758,70301,72312,70534,72361,71322,70737,70750,71316,71394,71424,71680,71679,75058,72065,72163,75405,73941,75464,72910,72916,72923,72947,72946,72948,77894,73087,73502,74073,73577,73624,73625,73717,73768,73883,74085,77207,77475,74082,74180,78008,75762,75846,75879,77172,76003,76988,77895,77139,77366,77365,77453,77671,78632,62908,50081,50244,13420,13417,13418,13414,13419,13415,13416,34029,34030,13955,13956,13957,13965,34031,13974,13958,13959,13975,13968,13976,34032,13980,13977,13966,34033,75258,13978,13960,13961,13981,13969,13971,34034,34035,34036,13972,13970,13407,13944,13982,13983,13979,13967,13962,34038,13973,13963,13964,34037,75260,75257,29749,33709,56812,23300,60048,23297,14533,14816,13915,13778,13795,13513,58411,13512,34291,14783,61100,13511,23834,64665,70252,58412,69229,53207,16127,14263,38418,25149,68080,72044,72045,72046,75115,72047,75259,75393,75394,76008,76007,76009,76010,76011,76012,68602,69270,73034,75619,77355,73085,73995,75864,72352,72353,71067,72470,72471,72472,72473,68686,69179,69180,5480,55575,58089,55577,73760,33449,33469,55538,69277,71939,71940,70071,69275,76247,69276,56976,68411,68413,68412,21690,61151,63673,32956,32751,32752,71364,32953,68954,53280,21692,21693,61709,23440,23441,64860,64863,58409,70221,55652,25409,34849,14764,15974,14806,14780,14776,14767,14761,15972,14804,14778,14773,14768,15971,14803,14777,14771,73616,15975,14807,14781,14772,14766,14763,15976,14808,14782,14775,14769,14762,15973,14805,14779,14774,14770,5791,15869,75973,75974,63686,6670,58510,78779,78780,78781,78782,78783,78784,78785,78786,78787,78788,78789,78790,78791,78792,78728,78793,78794,78795,78797,78796,78798,78799,78800,78801,78802,78803,78804,78805,78806,78807,78808,78809,78810,78811,78812,78813,78814,78815,78816,78817,78818,78819,78820,78821,78822,78823,78824,78825,78826,78827,78828,78829,78830,78831,78832,78833,78834,78835,78724,78836,78837,78838,78839,78840,78841,78842,78843,78844,78845,78846,78847,78848,78849,78850,78851,78852,78853,78854,78855,78856,78857,78858,78859,78860,78861,78862,78863,78864,78865,78866,78867,78868,78869,78870,78871,78872,78873,78874,78875,78876,78877,78878,78879,78880,78881,78882,78883,78884,78885,78886,78887,78888,78889,78890,78891,78892,78893,78894,78895,78896,78897,78898,78899,78900,78901,78902,78903,78904,78905,78906,78907,78908,78909,78910,78911,78912,78913,78914,78915,78916,78917,78918,78919,78920,78921,78922,78923,78924,78925,78926,78928,78927,78929,78930,78931,78932,78933,78934,78935,78936,78937,78938,78939,78716,78940,78941,78942,78943,78944,78945,78946,78947,78948,78949,78950,78951,78952,78953,78954,78955,78956,78957,78958,78959,78960,78961,78962,78963,78964,78741,78965,78966,78967,78968,78969,78970,78971,78972,78973,77767,78342,77876,78304,52307,52308,73131,75781,74533,74178,74347,74387,68318,68319,75782,75610,73102,73106,68320,68351,68986,72940,72843,68322,68323,69910,77044,67799,20584,68105,68185,68100,68186,68099,68187,69193,69262,69263,68102,68190,68104,68188,68189,68191,68192,55333,63597,63859,64823,67953,70063,67855,70203,68383,68384,68382,68381,68380,68379,68385,68378,68377,68386,68376,68387,68484,38482,54024,11207,54026,72097,7608,75560,75889,77337,75893,75894,75895,75896,75899,77626,76194,75906,75909,77295,75910,75912,77294,77442,76982,73994,75113,75372,75398,74172,75695,75708,74397,74174,74188,75298,75287,75551,75112,74398,75381,75575,75763,75114,74198,74396,74108,75919,78011,78047,24131,78696,63388,63080,63146,63168,54803,52287,23504,33309,56975,20089,57373,33049,33050,53865,55912,30271,72447,29702,29712,29704,29794,69972,14620,25234,25710,68945,68721,61937,19902,22445,22446,22447,22448,24509,22449,22451,22452,62406,22453,60039,22444,22443,69619,70290,70289,71713,78747,71413,70387,77121,74111,71203,70288,70781,70309,71157,77000,71079,78633,67958,75555,74461,71636,73494,70506,69875,60074,50003,49779,60076,49765,63848,38780,62997,22537,62999,22538,63001,22539,67455,67456,67457,67464,67477,67482,21687,16298,24635,27255,22945,19852,22964,22966,22965,70008,57033,37927,37928,38770,38771,69819,13283,67203,64651,63774,63777,67258,67202,67887,67267,67888,67201,62570,67256,67200,67257,67261,67259,67260,67262,67263,67264,67199,67265,54559,67266,67198,67268,57977,67269,63761,63762,63763,67197,63764,67270,62568,67195,63765,67271,67196,67272,67889,58530,75314,62571,63766,63767,62990,22871,73067,63518,63500,64713,68930,68223,20686,65125,23642,16231,12989,63379,63380,54246,54248,54687,56232,54682,68372,69800,65030,65027,65029,72090,53273,58069,63864,63865,53272,56852,63751,63750,31032,36530,31111,31112,31110,31109,67280,67279,28730,77329,68407,15826,74360,75300,69422,54228,13323,24138,71637,71726,71725,71917,72322,72321,71638,71882,71724,71723,77714,77713,70223,70224,70225,70226,70227,70228,70229,70230,70231,63704,68685,63621,69442,70611,76238,31799,31798,31800,69209,53747,53928,53584,20580,20579,69194,54290,70093,54291,13197,25593,20802,68875,68876,52178,52179,22986,63840,58589,21442,22189,60080,22255,58593,71155,58609,58610,58611,58618,58619,58620,63354,58621,53613,64729,24289,67848,22166,68647,69172,21653,21453,21457,25507,22644,70373,64610,21415,28269,77788,77849,77850,31369,36509,32069,67925,67906],
        in_date_id := 20260625, in_hide_non_customer_bphops := true);
drop table if exists t_new;
create temp table t_new as
select *
from trash.admin_allocations_snapshot(
        in_account_ids := array [68404,70241,56973,33571,33572,51423,51424,33569,33570,69745,23792,21258,5828,23521,62261,31149,31150,31329,31332,31330,31333,31331,31334,53630,53629,34717,34718,34719,34720,34721,34722,34723,34724,58569,66320,61713,10064,10040,23533,23530,50141,50142,50163,68174,64278,78323,78417,75463,73913,75928,73929,78330,74920,66374,63743,63742,75459,73978,73974,14916,22969,12049,70664,70665,70726,70651,70723,70724,70661,70727,70662,70725,12053,12052,29199,12050,29196,29197,12056,29200,12055,29198,75865,31689,6908,11143,70284,56814,27217,75326,63159,76231,6708,58991,71171,69433,69423,73111,64599,20520,20519,57719,58050,8232,69810,69913,71365,64664,63310,23814,52341,78734,31209,74054,24071,64616,14196,29171,30771,13690,13678,14009,13691,68947,49560,66298,62141,63324,62143,26223,33669,63051,68948,64851,34747,28610,22353,55553,23565,22819,22822,23177,22811,22528,59932,77707,64885,69782,74971,73517,74815,77372,77374,72431,71701,71651,76975,76974,76973,75730,69785,73751,69783,69641,69784,74830,75828,72949,74972,10423,23643,69646,69529,69531,69649,69528,69530,69643,69648,69645,69650,69647,70160,69644,69251,69249,69250,69255,69257,69258,69256,69254,69253,69252,69260,63154,2385,13694,72111,51441,63527,63528,76966,76967,49568,32469,35589,26311,64684,15871,15872,15866,68353,15867,64725,55537,23182,64687,54229,15874,16005,15877,26049,64696,15879,64699,15881,15882,15884,15886,15887,15888,52621,15889,15890,53969,15891,61718,15892,15902,23789,15893,64700,64701,15896,64702,15899,63428,23646,20448,68489,34589,63396,74126,25776,62096,31931,31994,31992,31995,31993,31996,31929,31930,64936,64934,64933,64935,24974,31809,32770,58474,32809,56452,32772,69337,70779,56732,63667,52181,52182,68580,68992,57975,67839,68931,67829,73453,73619,73525,73618,57214,57542,57280,76228,57933,58829,75511,74191,77692,31972,73478,63387,62220,76033,77103,71119,52321,31794,63693,37930,59936,31792,30373,31289,38466,38537,62531,38538,63325,63326,72366,72435,68065,62607,63715,63716,69031,74193,20869,63712,78713,77305,58051,56334,72464,32089,71635,73935,74192,70517,55293,77281,34649,31782,54349,73934,55673,75923,54632,62534,62535,62510,73555,64672,57073,68037,69998,36695,69332,31884,78639,31787,58931,75697,71589,65015,54126,67821,73936,54309,77705,54654,53206,78168,78341,78169,38925,68603,67897,67896,76167,55114,63239,67820,78167,78027,37905,31795,71592,70243,59900,70406,23279,34750,56760,56672,56673,56834,61791,63447,25566,63445,22262,21150,21151,37715,21700,20592,20594,53927,22524,26370,72004,63882,63883,63884,63886,68286,68287,68288,68289,72388,72389,72390,72391,72392,72393,11392,11393,2928,9392,20509,71706,71707,30033,75737,75807,60151,60152,22089,22095,22090,20952,20953,20954,77996,77997,77998,77999,78000,2927,5056,12811,68282,68284,68285,72407,72408,72409,72410,72411,72412,54490,53366,75760,23797,23800,23801,13058,75631,75632,63887,63888,63889,63890,63891,63892,63893,63894,63895,16056,16057,15690,15177,20774,20775,20852,20853,20855,25889,72156,72070,7993,72307,77609,71055,71056,71057,71058,71059,71060,71061,71062,71063,71064,71051,71052,71053,72873,71054,71065,71066,77437,77645,75705,34889,56773,23352,63429,14078,14160,14159,25109,14079,14080,70275,67833,64939,65120,69191,53748,51365,51361,62536,73694,14420,51362,38851,16035,16053,38849,67757,38850,38852,51364,51363,54292,54293,36289,59389,59391,59392,59393,22659,59395,59420,59397,59413,61169,57458,59434,59398,59401,59402,59417,59408,59405,59406,59407,59414,59411,59412,59419,67536,65000,71297,14968,14969,15092,15094,15091,15093,13672,13673,13674,13675,29550,38487,7548,71878,71886,71879,22837,6676,1375,13469,32369,55794,55795,32389,23371,23372,23373,72120,23374,23375,23362,23363,23364,23365,23367,55772,54159,56754,57334,57593,57915,62511,64272,69341,72872,71305,69815,70122,70123,70124,70125,70126,74117,74118,74119,28930,13186,22104,22106,22109,22112,22113,22115,22116,22119,57052,54723,52306,57335,68991,69073,69343,60246,60247,60248,62756,62608,62583,73916,69344,69816,71324,73999,74000,11339,11340,14527,14529,26013,11806,26009,11807,14531,26015,21058,78012,78744,73553,75613,68414,68416,68423,68421,68422,68420,68419,68418,21688,64268,64269,31435,31436,31415,31416,29571,29572,56997,26312,67177,67677,65095,67178,67678,52278,52167,60072,50242,21699,1317,24659,23764,73671,73679,63546,63547,55078,55079,23569,24272,24600,23572,14965,24196,15767,15768,15766,77280,23773,29990,18105,29991,29992,20633,20634,23398,22523,37910,25089,29993,18107,29994,62532,62533,28309,16225,78044,16226,16227,16228,22326,22327,22328,22329,22330,22331,22332,22333,22334,22335,22336,22337,77359,72911,76002,76846,76353,59254,11907,49620,52223,52224,52225,52226,52227,52228,52221,52229,52231,52232,52233,52234,52235,52236,52237,52238,52240,52241,52242,52243,52244,52245,52246,52248,52249,52250,52251,52252,52253,52254,52255,52256,52257,52258,52259,52260,52261,52262,52263,52264,52265,52266,52267,52268,52269,52270,52271,52272,52273,51343,53749,49520,50301,57275,22410,22411,22412,74539,74544,74547,74549,74553,74556,74557,74558,74559,74782,74567,74569,74572,74574,74591,74592,74593,74594,74598,74600,74604,74605,74606,74608,74609,74610,74611,74612,74618,74621,74624,74626,74628,74631,74636,74639,74642,74649,74654,74657,74662,74665,74668,74670,74675,74677,74680,74681,74682,74683,74684,74685,74686,74694,74696,74698,74700,74702,74705,74708,74710,74712,74715,74716,74721,74724,74726,74729,74731,74733,74735,74737,74739,74741,74746,74748,74749,74751,74753,74755,74757,74759,74761,74763,74766,74768,74770,74772,74773,74783,74774,74776,74778,74781,74780,74777,74775,74767,74765,74760,74756,74754,74747,74742,74740,74736,74734,74732,74730,74728,74727,74723,74722,74720,74714,74711,74709,74707,74703,74701,74693,74692,74691,74689,74688,74687,74679,74678,74676,74674,74672,74671,74669,74667,74666,74663,74661,74659,74656,74655,74653,74651,74650,74648,74646,74643,74641,74638,74637,74635,74633,74632,74629,74623,74622,74620,74619,74616,74599,74590,74588,74587,74564,74562,74560,74554,74552,74550,74546,74545,74540,75685,74175,73136,73156,73249,73225,73224,73223,73220,73216,73212,73208,73158,73206,73201,73199,73195,73188,73186,73180,73178,73175,73174,73173,73171,73170,73168,73165,73163,73162,73160,73159,73157,73287,73290,73154,73166,73153,73151,73150,73149,73148,73146,73145,73167,73141,73301,73302,73303,73304,73305,73306,73307,73308,73169,73309,73310,73311,73312,73313,73314,73315,73316,73317,73318,73319,73320,73321,73322,73323,73324,73325,73326,73327,73328,73329,73330,73331,73332,73333,73334,73335,73336,73337,73338,73177,73339,73340,73341,73342,73343,73344,73345,73346,73347,73348,73179,73349,73258,73182,73183,73184,73185,73187,73189,73190,73191,73291,73192,73193,73142,73194,73196,73197,73198,73200,73202,73203,73143,73204,73205,73207,73209,73210,73211,73144,73213,73214,73215,73217,73218,73219,73221,73222,73226,73227,73228,73229,73230,73231,73232,73233,73234,73235,73236,73237,73240,73241,73242,73244,73245,73246,73248,73155,73247,73243,73239,73238,73250,73920,73919,73355,73361,73364,73374,73375,73376,73378,73379,73382,54799,67744,69532,59257,67609,68292,53262,53163,53082,53084,53301,53302,53303,53304,53305,53306,53308,53310,53311,53312,53313,53314,53315,53263,53271,53270,53281,53164,62993,22477,62994,22749,22078,32970,32971,22829,27509,23811,23433,14052,16412,53041,57981,57792,22055,12941,12802,13066,13065,12944,12803,74534,76170,77387,64864,68462,68987,75384,69038,59570,76360,76211,64683,75256,61149,68267,75668,63569,69040,75564,77438,74179,69421,70490,68919,75880,74499,69212,74538,76177,74492,73568,62652,76039,68149,62755,69079,75665,76241,77390,76052,76099,76059,76101,76082,76361,76239,76058,76061,76043,76095,76143,77180,76073,76048,77439,76135,76070,76053,76044,76145,76137,76106,76138,76240,76057,76130,76045,76242,76092,76049,76103,5057,15837,30709,31363,69218,69164,21215,22085,22086,63392,63391,8712,11344,9432,63596,20859,63616,25330,25331,25332,25333,25334,25335,25336,25337,25341,25342,25343,25344,24642,33649,33509,53568,53570,53573,53576,63672,77615,25370,63604,35710,70130,70132,12010,12009,11772,11775,12011,12012,67214,74832,73684,30289,30649,30309,11822,25401,11821,52641,25400,11820,26020,71467,71528,34533,71529,37918,71509,24641,77013,11823,25402,26017,25404,11824,25403,60078,23234,74153,75263,75000,75264,75001,75262,72851,72852,72846,72847,72853,72848,73930,72854,72850,72845,75282,72849,72860,61194,34490,34489,35330,38484,61209,61210,61211,61212,61213,61214,61215,61216,61217,61218,61219,61220,61221,66319,61222,61223,61224,61225,61226,61227,61228,61229,61230,61231,61232,61233,61234,61235,61236,61237,61238,61239,61240,61241,61242,61243,61244,61245,61246,61247,61248,61249,61250,61251,61252,61253,61254,61255,61256,61257,61258,61259,61260,61261,61262,61263,61264,61265,61266,61267,61268,61269,61270,61271,61272,61273,61274,61275,61276,61277,61278,61279,61280,61281,61282,61283,61284,61285,61286,61287,61288,61289,61290,61291,61292,61293,61294,61295,61296,61297,61298,61299,61300,61301,61302,61303,61304,61305,61306,61307,61308,61309,61310,61311,61312,61313,61314,61315,61316,61317,61318,61319,61320,61321,61322,61323,61324,61325,61326,61327,61328,61329,61330,61331,61332,61333,61334,61335,61336,61337,61338,61339,61340,61341,61342,61343,61344,61345,61346,61347,61348,61349,61350,61351,61352,61353,61354,61355,61356,61357,61358,61359,61360,61361,61362,61363,61364,61365,61366,61367,61368,61369,61370,61371,61372,61373,61374,61375,61376,61377,61378,61379,61380,61381,61382,61383,61384,61385,61386,61387,61388,61389,61390,61391,61392,61393,61394,61395,61396,61397,61398,61399,61400,61401,61402,61403,61404,61405,61406,61407,61408,61409,61410,61411,61412,61413,61414,61415,61416,61417,61418,61419,61420,61421,61422,61423,61424,61425,61426,61427,61428,61429,61430,61431,61432,61433,61434,61435,61436,61437,61438,61439,61440,61441,61442,61443,61444,61445,61446,61447,61448,61449,61450,61451,61452,61453,61454,61455,61456,61457,61458,61459,61460,61461,61462,61463,61464,61465,61466,61467,61468,61469,61470,61471,61472,61473,61474,61475,61476,61477,61478,61479,61480,61481,61482,61483,61484,61485,61486,61487,61488,61489,61490,61491,61492,61493,61494,61495,64650,61496,61497,61498,61499,61500,61501,61502,61503,61504,61505,61506,61507,61508,61509,61510,61511,61512,61513,61514,61515,61516,61517,61518,61519,61520,61521,61522,61523,61524,61525,61526,61527,61528,61529,61530,61531,61532,61533,61534,61535,61536,61537,61538,61539,61540,61541,61542,63351,61543,61544,61545,61546,61547,61548,61549,61550,61551,61552,61553,61554,61555,61556,61557,61558,61559,61560,61561,61562,61563,61564,61565,61566,61567,61568,61569,61570,61571,61572,61573,62573,61574,61575,61576,61577,61578,61579,61580,61581,61582,61583,61584,61585,61586,61587,61588,61589,61590,61591,61592,61593,61594,61595,61596,61597,61598,61599,61600,61601,61602,61603,61604,61605,61606,61607,61608,61609,61610,61611,61612,61613,61614,61615,61616,61617,61618,61619,61620,61621,61622,61623,61624,61625,61626,61627,61628,61629,61630,61631,61632,61633,61634,61635,61636,61637,61638,61639,61640,62459,61641,61642,61643,61644,61645,61646,61647,61648,61649,61650,61651,61652,61653,61654,61655,61656,62574,62575,63862,63863,61657,66343,68326,61658,61659,61660,61661,61662,61663,61664,61665,61666,61667,61668,61669,61670,61671,61672,61673,61674,61675,61676,61677,61678,61679,61680,61681,61682,61683,61684,61685,62530,61686,61687,61688,61689,61690,61691,61692,61693,61694,63105,61695,61696,61697,61698,61699,61700,61701,61702,61703,55554,32909,68513,70064,6628,73821,63377,63376,62121,76359,77657,62202,62203,62201,62240,29216,27869,27870,30489,30349,30350,63390,71418,53441,69340,72886,77203,71335,71336,77201,77202,77200,60041,26828,67846,26770,26771,10952,28330,11253,11074,10955,10954,10956,58169,58192,58188,58191,58186,58187,58189,58201,58185,56412,58207,58208,58209,58210,58211,58205,58206,68264,58196,1183,73074,75622,7931,68542,68612,69612,7068,6828,68537,20500,9594,9593,9374,16205,9375,27350,9612,36687,11779,11780,78190,74535,72153,22754,21850,53738,53739,22503,20086,33290,33389,33390,33371,33372,33391,33392,33369,33370,22840,64804,64805,64797,64812,68275,68273,68274,64811,70066,78397,78398,78399,77274,75646,78412,78413,78414,77278,75650,31169,30870,30873,30871,30874,30869,30872,29813,53494,14228,14270,14271,14254,14257,14252,14255,14253,14256,19131,23559,23560,23561,24573,24574,24575,24576,72876,72879,72878,72882,72881,72883,72880,72884,72877,73664,73663,67967,69776,73495,77146,73924,76188,72819,72820,76977,73465,75857,74120,73992,76978,74890,75741,76979,75801,74340,73985,72821,72093,72936,76342,75754,77145,78281,77192,73611,78282,72822,72823,72825,78698,77217,72863,72905,74921,74876,76972,72824,68305,53769,12013,69822,12014,51784,74097,75944,75945,77138,77025,75947,75979,75949,75950,75951,75952,77388,75953,78038,20546,62491,56756,75955,75956,77158,75958,75959,78640,75960,75961,68397,67849,69318,75468,68679,38493,53910,27651,49549,49550,27653,27652,27654,54517,54518,54519,54520,27655,70316,27656,49548,49551,27657,27658,27659,54598,27660,69818,21892,22143,22142,15970,15846,76016,53728,76230,77852,75704,69892,56094,54022,54020,23654,53954,23648,53956,23656,23658,53959,54016,54015,54017,54019,23660,69282,71070,71069,70286,22415,68409,14288,69797,23354,63485,22686,22683,22407,22409,22408,68091,68090,21148,21149,61082,61083,61084,61085,65018,65019,63170,63173,63171,63174,16308,16309,16310,16311,12791,61809,61189,61190,64869,64873,64870,64874,64871,64875,64872,64876,32789,32790,73547,73546,71328,71329,69293,69294,53467,53468,20690,20689,29770,29771,20134,20133,73470,73469,72414,72415,23634,23635,7228,1641,13754,1642,13383,13751,8212,3602,3603,604,630,7670,605,7671,14659,12833,13160,13159,14161,13157,12650,14658,13158,14162,13156,12649,63172,63175,63018,63019,70360,70362,70361,70363,12935,7089,7090,15630,15629,16425,16426,5076,5077,56893,56894,25868,25869,5119,5120,63698,63699,65107,65111,65109,65113,65108,65112,65110,65114,63708,63709,15180,32609,22379,22382,22385,22388,22391,22394,22358,22047,22044,22038,22045,22048,22046,26111,54724,31991,4292,52823,14967,30630,63524,30654,35135,35849,35921,35923,35924,35925,35926,35927,35928,34323,35971,35972,35989,34324,35990,35991,35993,36189,36693,37884,38521,49724,50022,51329,52068,52161,52176,52585,52702,52981,53550,54774,54903,55292,55993,56656,57253,34313,57989,58076,60251,62157,62620,34314,34344,34348,34353,34358,34359,34372,34375,34376,34377,34380,34384,34385,38522,34393,34397,34399,34401,34320,34405,35129,63568,63435,63659,67648,63660,63661,74786,62910,72586,74996,63469,62674,62890,69805,71696,75712,62905,71109,63015,74107,68213,62892,77169,62902,63523,62802,63316,76191,62673,73452,62986,63707,70162,62926,63248,62880,69419,75467,62920,72496,62841,63703,62965,63785,69743,62712,62765,69287,62669,62844,72164,62867,62797,75802,62912,62714,62872,62918,62895,68532,78730,71728,62915,69297,62917,62987,68621,71727,71918,62901,62668,62692,62879,62884,73853,68107,62988,62896,68271,67679,67443,62877,78754,62923,62686,62667,72049,71585,72121,71108,63788,71925,62728,69413,72003,75465,62907,62881,62891,62675,70738,62795,62885,68225,65131,62873,70739,63350,64999,68215,71292,68614,68039,69964,63352,70752,69825,63702,77001,71643,62716,63440,68596,68338,63353,76350,63346,62922,70272,68281,68089,67949,70158,62887,62657,68172,72441,69414,72924,71323,62685,72442,70273,62777,62705,62804,63787,68683,68270,66341,70271,72439,62928,62893,62687,70666,62695,69827,62882,71711,70619,62671,69412,68293,77314,62927,62813,62925,68011,62985,69138,71697,63612,68769,62694,71303,69320,63347,62670,63470,62658,69791,69336,70163,68170,69415,74950,69042,62963,62886,73086,63106,71613,62725,62914,71419,72440,62888,62889,62900,62790,62911,62906,68595,72050,62919,62894,70180,62786,62916,62929,62931,62954,62772,62898,62883,62909,62861,62924,62767,62774,64675,62913,62932,62862,63282,62810,63797,71709,62903,73121,62806,62897,63016,62805,77682,62904,63022,63005,69434,63028,63026,63161,63270,67747,63321,63424,63606,72459,75299,64727,64822,77223,73383,71107,73888,69086,66321,67188,67604,67610,73614,77173,77014,68615,68113,68214,68294,68374,69430,77467,68616,68690,72587,68969,69063,69048,69165,69227,69286,69418,69420,69590,72066,69828,69829,69930,69965,78753,70233,70074,70085,70237,78758,70301,72312,70534,72361,71322,70737,70750,71316,71394,71424,71680,71679,75058,72065,72163,75405,73941,75464,72910,72916,72923,72947,72946,72948,77894,73087,73502,74073,73577,73624,73625,73717,73768,73883,74085,77207,77475,74082,74180,78008,75762,75846,75879,77172,76003,76988,77895,77139,77366,77365,77453,77671,78632,62908,50081,50244,13420,13417,13418,13414,13419,13415,13416,34029,34030,13955,13956,13957,13965,34031,13974,13958,13959,13975,13968,13976,34032,13980,13977,13966,34033,75258,13978,13960,13961,13981,13969,13971,34034,34035,34036,13972,13970,13407,13944,13982,13983,13979,13967,13962,34038,13973,13963,13964,34037,75260,75257,29749,33709,56812,23300,60048,23297,14533,14816,13915,13778,13795,13513,58411,13512,34291,14783,61100,13511,23834,64665,70252,58412,69229,53207,16127,14263,38418,25149,68080,72044,72045,72046,75115,72047,75259,75393,75394,76008,76007,76009,76010,76011,76012,68602,69270,73034,75619,77355,73085,73995,75864,72352,72353,71067,72470,72471,72472,72473,68686,69179,69180,5480,55575,58089,55577,73760,33449,33469,55538,69277,71939,71940,70071,69275,76247,69276,56976,68411,68413,68412,21690,61151,63673,32956,32751,32752,71364,32953,68954,53280,21692,21693,61709,23440,23441,64860,64863,58409,70221,55652,25409,34849,14764,15974,14806,14780,14776,14767,14761,15972,14804,14778,14773,14768,15971,14803,14777,14771,73616,15975,14807,14781,14772,14766,14763,15976,14808,14782,14775,14769,14762,15973,14805,14779,14774,14770,5791,15869,75973,75974,63686,6670,58510,78779,78780,78781,78782,78783,78784,78785,78786,78787,78788,78789,78790,78791,78792,78728,78793,78794,78795,78797,78796,78798,78799,78800,78801,78802,78803,78804,78805,78806,78807,78808,78809,78810,78811,78812,78813,78814,78815,78816,78817,78818,78819,78820,78821,78822,78823,78824,78825,78826,78827,78828,78829,78830,78831,78832,78833,78834,78835,78724,78836,78837,78838,78839,78840,78841,78842,78843,78844,78845,78846,78847,78848,78849,78850,78851,78852,78853,78854,78855,78856,78857,78858,78859,78860,78861,78862,78863,78864,78865,78866,78867,78868,78869,78870,78871,78872,78873,78874,78875,78876,78877,78878,78879,78880,78881,78882,78883,78884,78885,78886,78887,78888,78889,78890,78891,78892,78893,78894,78895,78896,78897,78898,78899,78900,78901,78902,78903,78904,78905,78906,78907,78908,78909,78910,78911,78912,78913,78914,78915,78916,78917,78918,78919,78920,78921,78922,78923,78924,78925,78926,78928,78927,78929,78930,78931,78932,78933,78934,78935,78936,78937,78938,78939,78716,78940,78941,78942,78943,78944,78945,78946,78947,78948,78949,78950,78951,78952,78953,78954,78955,78956,78957,78958,78959,78960,78961,78962,78963,78964,78741,78965,78966,78967,78968,78969,78970,78971,78972,78973,77767,78342,77876,78304,52307,52308,73131,75781,74533,74178,74347,74387,68318,68319,75782,75610,73102,73106,68320,68351,68986,72940,72843,68322,68323,69910,77044,67799,20584,68105,68185,68100,68186,68099,68187,69193,69262,69263,68102,68190,68104,68188,68189,68191,68192,55333,63597,63859,64823,67953,70063,67855,70203,68383,68384,68382,68381,68380,68379,68385,68378,68377,68386,68376,68387,68484,38482,54024,11207,54026,72097,7608,75560,75889,77337,75893,75894,75895,75896,75899,77626,76194,75906,75909,77295,75910,75912,77294,77442,76982,73994,75113,75372,75398,74172,75695,75708,74397,74174,74188,75298,75287,75551,75112,74398,75381,75575,75763,75114,74198,74396,74108,75919,78011,78047,24131,78696,63388,63080,63146,63168,54803,52287,23504,33309,56975,20089,57373,33049,33050,53865,55912,30271,72447,29702,29712,29704,29794,69972,14620,25234,25710,68945,68721,61937,19902,22445,22446,22447,22448,24509,22449,22451,22452,62406,22453,60039,22444,22443,69619,70290,70289,71713,78747,71413,70387,77121,74111,71203,70288,70781,70309,71157,77000,71079,78633,67958,75555,74461,71636,73494,70506,69875,60074,50003,49779,60076,49765,63848,38780,62997,22537,62999,22538,63001,22539,67455,67456,67457,67464,67477,67482,21687,16298,24635,27255,22945,19852,22964,22966,22965,70008,57033,37927,37928,38770,38771,69819,13283,67203,64651,63774,63777,67258,67202,67887,67267,67888,67201,62570,67256,67200,67257,67261,67259,67260,67262,67263,67264,67199,67265,54559,67266,67198,67268,57977,67269,63761,63762,63763,67197,63764,67270,62568,67195,63765,67271,67196,67272,67889,58530,75314,62571,63766,63767,62990,22871,73067,63518,63500,64713,68930,68223,20686,65125,23642,16231,12989,63379,63380,54246,54248,54687,56232,54682,68372,69800,65030,65027,65029,72090,53273,58069,63864,63865,53272,56852,63751,63750,31032,36530,31111,31112,31110,31109,67280,67279,28730,77329,68407,15826,74360,75300,69422,54228,13323,24138,71637,71726,71725,71917,72322,72321,71638,71882,71724,71723,77714,77713,70223,70224,70225,70226,70227,70228,70229,70230,70231,63704,68685,63621,69442,70611,76238,31799,31798,31800,69209,53747,53928,53584,20580,20579,69194,54290,70093,54291,13197,25593,20802,68875,68876,52178,52179,22986,63840,58589,21442,22189,60080,22255,58593,71155,58609,58610,58611,58618,58619,58620,63354,58621,53613,64729,24289,67848,22166,68647,69172,21653,21453,21457,25507,22644,70373,64610,21415,28269,77788,77849,77850,31369,36509,32069,67925,67906],
        in_date_id := 20260625, in_hide_non_customer_bphops := false);

select array_agg(alloc_instr_id) from (
;
select date_id,
       trade_record_id,
       account_id,
       instrument_id,
       side,
       open_close,
       avg_px,
       exec_qty,
       display_instrument_id,
       last_trade_date,
       instrument_type_id,
       alloc_instr_id,
       alloc_time,
       is_allocated,
       is_bundle,
       cmta,
       exec_broker,
       principal_amount,
       client_commission_rate,
       username,
       blaze_account_alias,
       street_exec_time,
       expiration_date,
       opt_customer_firm,
       reported_status,
       claimed_by,
       claim_status,
       is_prev_reported,
       db_create_time,
       drop_message_status,
       drop_message_reject_reason,
       client_commission_amount,
       client_order_id,
       client_order_status,
       clearing_submitted_away,
       broker_commission_rate,
       broker_commission_amount,
       manual_broker_code
from t_new
   where alloc_instr_id = any('{-347257044,-347588710}')
-- except
union all
select date_id,
       trade_record_id,
       account_id,
       instrument_id,
       side,
       open_close,
       avg_px,
       exec_qty,
       display_instrument_id,
       last_trade_date,
       instrument_type_id,
       alloc_instr_id,
       alloc_time,
       is_allocated,
       is_bundle,
       cmta,
       exec_broker,
       principal_amount,
       client_commission_rate,
       username,
       blaze_account_alias,
       street_exec_time,
       expiration_date,
       opt_customer_firm,
       reported_status,
       claimed_by,
       claim_status,
       is_prev_reported,
       db_create_time,
       drop_message_status,
       drop_message_reject_reason,
       client_commission_amount,
       client_order_id,
       client_order_status,
       clearing_submitted_away,
       broker_commission_rate,
       broker_commission_amount,
       manual_broker_code
from t_old
  where alloc_instr_id = any('{-347257044, -347588710}')
;
                            ) x

-- DROP FUNCTION trash.admin_allocations_snapshot(_int8, int4, bpchar, bool, _bpchar);

CREATE FUNCTION trash.admin_allocations_snapshot(in_account_ids bigint[] DEFAULT '{}'::bigint[],
                                                 in_date_id integer DEFAULT get_dateid(CURRENT_DATE),
                                                 in_reported_status character DEFAULT NULL::character(1),
                                                 in_hide_non_customer_bphops boolean DEFAULT false,
                                                 in_client_order_states character[] DEFAULT NULL::character(1)[])
    RETURNS TABLE
            (
                date_id                    integer,
                trade_record_id            bigint,
                account_id                 integer,
                instrument_id              bigint,
                side                       character,
                open_close                 character,
                avg_px                     numeric,
                exec_qty                   integer,
                display_instrument_id      character varying,
                last_trade_date            date, -- 10
                instrument_type_id         character,
                alloc_instr_id             integer,
                alloc_time                 timestamp without time zone,
                is_allocated               boolean,
                is_bundle                  boolean,
                cmta                       character varying,
                exec_broker                character varying,
                principal_amount           numeric,
                client_commission_rate     numeric,
                username                   character varying, -- 20
                blaze_account_alias        character varying,
                street_exec_time           timestamp without time zone,
                expiration_date            timestamp without time zone,
                opt_customer_firm          character,
                reported_status            character,
                reported_time              timestamp without time zone,
                claimed_by                 integer,
                claim_status               character,
                is_prev_reported           boolean,
                db_create_time             timestamp without time zone, -- 30
                drop_message_status        character,
                drop_message_reject_reason text,
                client_commission_amount   numeric,
                client_order_id            character varying,
                client_order_status        character,
                clearing_submitted_away    character,
                broker_commission_rate     numeric,
                broker_commission_amount   numeric,
                manual_broker_code         character varying
            )
    LANGUAGE plpgsql
    COST 1
AS
$function$
    --in_date_id = 20190301;
    -- VP 20231030 https://dashfinancial.atlassian.net/browse/DS-7465 [ALLOC] Return street_exec_time in dash360.allocations_snapshot()
    -- OS 20241227 https://dashfinancial.atlassian.net/browse/DS-9337 Add new input and output parameters and removed if-else condition for empty in_account_id
    -- OS 20250116 https://dashfinancial.atlassian.net/browse/DS-9337 is_prev_reported will use is_billed
    -- OS 20250212 https://dashfinancial.atlassian.net/browse/DS-9550 Add "GUP" (exec_broker) column to Allocations procedure
    -- OS 20250305 hotfix for empty account_id list returns nothing
    -- OS 20250307 hotfix performance improvement
    -- OS 20251219 https://dashfinancial.atlassian.net/browse/DS-10632
    -- OS 20260107 https://dashfinancial.atlassian.net/browse/D360-16941 Return Total CCRU Amount for Execution Blotter, Change Clearing Pop-up, Allocations
    -- OS 20260309 https://dashfinancial.atlassian.net/browse/DS-11204 Support client_order_id in Allocation Procedures
    -- OS 20260313 https://dashfinancial.atlassian.net/browse/DS-11254 Adjust allocation_snapshot procedure to have a capability to filter out non-final BP trades by chain_id vs client_order_id
    -- OS 20260309 https://dashfinancial.atlassian.net/browse/DS-11204 Support client_order_id in Allocation Procedures
    -- OS 20260317 https://dashfinancial.atlassian.net/browse/DS-11268 Support client_order_status for Allocation Instructions - allocation_snapshot, allocation_instruction_trades, allocation_insttuction_delete
    -- OS 20260318 https://dashfinancial.atlassian.net/browse/DS-11271 Process clearing_submitted_away field in allocation workflows
    -- OS 20260403 https://dashfinancial.atlassian.net/browse/DS-11344 Support a new filtering parameter client_order_state
    -- SO 20260414 https://dashfinancial.atlassian.net/browse/DS-11390 Return client_order_status for Trade Records from OMS (OMS_EDW) as filled (2)
    -- SY 20260610 https://dashfinancial.atlassian.net/browse/DS-11651 Reimplement hot fix from 20250305
    -- SO 20260609 https://dashfinancial.atlassian.net/browse/DS-11642 Add broker commissions rate and amount
    -- SO 20260612 https://dashfinancial.atlassian.net/browse/DS-11642 Add manual broker
declare
    l_load_id  int;
    l_step_id  int;
    l_row_cnt  int4;
    l_msg_text text;
    l_sg_accounts int8[];
begin
    l_msg_text := 'admin_allocations_snapshot ' || in_date_id::text || ':';

    select nextval('public.load_timing_seq') into l_load_id;
    l_step_id := 1;

    select public.load_log(l_load_id, l_step_id, l_msg_text || ' STARTED ====', 0, 'O')
    into l_step_id;


    drop table if exists t_trade_record;
    create temp table t_trade_record
    as
    select distinct on (atr.trade_record_id, br.to_report, br.alloc_instr_id) atr.trade_record_id,
                                                                              br.to_report,
                                                                              br.alloc_instr_id,
                                                                              br.db_create_time,
                                                                              'B'     as alloc_rep_type,
                                                                              case
                                                                                  when br.to_report is distinct from 'U'
                                                                                      then br.to_report
                                                                                  when staging.get_fully_reported_trade(br.alloc_instr_id, br.date_id) = 1 -- means that only one value is possible in related trade_records and it can be only R
                                                                                      then 'U'
                                                                                  else 'W'
                                                                                  end as to_report_mod
    from dash_reporting.bofa_allocation_report br
             join genesis2.alloc_instr2trade_record atr
                  on atr.alloc_instr_id = br.alloc_instr_id and atr.date_id = br.date_id
    where br.date_id = in_date_id
    union all
    select btr.trade_record_id, to_report, 0, btr.db_create_time, 'T' as alloc_rep_type, to_report
    from dash_reporting.bofa_trade_record btr
    where btr.date_id = in_date_id;

    get diagnostics l_row_cnt = row_count;



    select array_agg(ac.account_id)
    into l_sg_accounts
   from account ac
  join staging.sg_trading_firm using (trading_firm_id)
  where ac.is_deleted = 'N';


    analyze t_trade_record;
    create index on t_trade_record (trade_record_id);
    create index on t_trade_record (alloc_instr_id);

    select public.load_log(l_load_id, l_step_id, l_msg_text || ' t_trade_record created', l_row_cnt, 'O')
    into l_step_id;

    drop table if exists t_alloc_instr2trade_record;
    create temp table t_alloc_instr2trade_record as
    select ai2tr.trade_record_id, a.alloc_instr_id, a.date_id
    from genesis2.allocation_instruction a
             inner join genesis2.alloc_instr2trade_record ai2tr
                        on (a.alloc_instr_id = ai2tr.alloc_instr_id and ai2tr.date_id = a.date_id)
    where true
      and case when in_account_ids = '{}' then true else a.account_id = any (in_account_ids) end
      and a.date_id = in_date_id
      and a.is_deleted = 'N';
    create index on t_alloc_instr2trade_record (trade_record_id);

    select public.load_log(l_load_id, l_step_id, l_msg_text || ' t_alloc_instr2trade_record created', l_row_cnt, 'O')
    into l_step_id;

    return query
    select tr.date_id::int4,
       tr.trade_record_id::int8,
       tr.account_id::int4,
       tr.instrument_id::int8,
       tr.side::character,
       tr.open_close::character,
       tr.last_px                                                                               as avg_px,
       tr.last_qty::int4                                                                        as exec_qty,
       i.display_instrument_id,
       i.last_trade_date::date,
       i.instrument_type_id::character,
       null::int4                                                                               as alloc_instr_id,
       null::timestamp without time zone                                                        as alloc_time,
       false                                                                                    as is_allocated,
       false                                                                                    as is_bundle,
       tr.cmta::character varying,
       tr.exec_broker::character varying,
       case i.instrument_type_id
           when 'O' then tr.last_qty * tr.last_px * os.contract_multiplier
           else tr.last_qty * tr.last_px
           end                                                                                  as principal_amount,
       CCRU.ccru_rate                                                                           as client_commission_rate,
       null::character varying                                                                  as user_name,
       tr.blaze_account_alias::character varying,
       coalesce(tr.street_trade_record_time, tr.trade_record_time)::timestamp without time zone as street_exec_time,
       ----------------
       i.last_trade_date                                                                        as expiration_date,
       tr.opt_customer_firm::character,
       coalesce(nullif(tr.is_billed, 'N'), rep.to_report)::character                            as reported_status,


       coalesce(x.db_create_time,
                rep.db_create_time)                                                             as reported_time,

       bas.claimed_by::int4                                                                     as claimed_by,
       bas.claim_status::character                                                              as claim_status,
       case when tr.is_billed = 'R' then true end                                               as is_prev_reported,
       msg.db_create_time                                                                       as db_create_time,
       msg.drop_message_status                                                                  as alloc_drop_msg_status,
       msg.drop_message_reject_reason                                                           as alloc_drop_msg_reject_reason,
       CCRU.ccru_amount                                                                         as client_commission_amount,
       tr.client_order_id                                                                       as client_order_id,
       (case when tr.subsystem_id = 'OMS_EDW' then '2' else fpo.order_status end)::character    as client_order_status,
       null::character                                                                          as clearing_submitted_away,
       CCRU.brok_rate                                                                           as broker_commission_rate,
       CCRU.brok_amount                                                                         as broker_commission_amount,
       case
           when tr.subsystem_id = 'OMS_EDW' and tr.account_id = any(l_sg_accounts) then (select manual_broker::character varying
                                                  from staging.trade_record_blaze7 as bl
                                                  where bl.date_id = tr.date_id
                                                    and bl.exec_id = tr.exec_id
                                                    and bl.manual_broker is not null
                                                  limit 1)
           when tr.account_id = any(l_sg_accounts) then fmj.manual_broker_code::character varying end
from genesis2.trade_record tr
         inner join genesis2.instrument i on (tr.instrument_id = i.instrument_id)
         left join t_alloc_instr2trade_record as allocated_trades
                   on allocated_trades.trade_record_id = TR.TRADE_RECORD_ID
         left join lateral (select rep.to_report, rep.db_create_time
                            from t_trade_record rep
                            where rep.trade_record_id = tr.trade_record_id
                            limit 1) rep on true
         left join genesis2.option_contract oc on i.instrument_id = oc.instrument_id
         left join genesis2.option_series os on oc.option_series_id = os.option_series_id
         left join lateral (select bas.claimed_by, bas.claim_status
                            from dash_reporting.bofa_allocation_instruction_status bas
                            where bas.alloc_instr_id = allocated_trades.alloc_instr_id
                              and bas.date_id = allocated_trades.date_id
                              and false
                            limit 1) bas on true

         left join lateral (select max(case when book_record_type_id = 'CCRU' then L1.rate end)   as ccru_rate,
                                   sum(case when book_record_type_id = 'CCRU' then l1.amount end) as ccru_amount,
                                   max(case when book_record_type_id = 'BROK' then L1.rate end)   as brok_rate,
                                   sum(case when book_record_type_id = 'BROK' then l1.amount end) as brok_amount
                            from (SELECT tl.trade_record_id,
                                         book_record_type_id,
                                         row_number()
                                         over (partition by tl.trade_record_id , book_record_type_id , billing_entity order by cr.priority ) as rn,
                                         tl.rate,
                                         tl.amount
                                  FROM genesis2.trade_level_book_record tl
                                           inner join genesis2.book_record_creator cr
                                                      on tl.book_record_creator_id = cr.book_record_creator_id
                                  WHERE tl.date_id = in_date_id
                                    AND book_record_type_id in ('CCRU', 'BROK')
                                    and tl.trade_record_id = tr.trade_record_id) L1
                            where rn = 1) ccru on true
         left join lateral (select msg.db_create_time, msg.drop_message_status, msg.drop_message_reject_reason
                            from genesis2.alloc_drop_message_status msg
                            where msg.alloc_instr_id = allocated_trades.alloc_instr_id
                              and msg.drop_message_type = 'N'
                              and false
                            limit 1) msg on true
         left join lateral (select fix_message ->> '10707' as chain_id,
                                   fix_message ->> '10568' as manual_broker_code
                            from staging.fix_message_json fmj
                            where fmj.date_id = tr.date_id
                              and fmj.fix_message_id = tr.trade_fix_message_id
                            limit 1) fmj on true

         left join lateral (select fpo.order_status
                            from staging.f_parent_order fpo
                            where fpo.status_date_id = in_date_id
                              and fpo.parent_order_id = tr.order_id
                            limit 1) fpo on true and tr.subsystem_id is distinct from 'OMS_EDW'
         left join lateral (select min(bar.db_create_time) as db_create_time
                            from genesis2.alloc_instr2trade_record aitr
                                     join dash_reporting.bofa_allocation_report bar
                                          on aitr.date_id = bar.date_id and aitr.alloc_instr_id = bar.alloc_instr_id
                            where true
                              and aitr.trade_record_id = tr.trade_record_id
--                                  order by bar.db_create_time
                            limit 1) x on true and coalesce(nullif(tr.is_billed, 'N'), rep.to_report) = 'R'
        where tr.date_id = in_date_id
          and case when coalesce(in_account_ids, '{}') = '{}' then false else tr.account_id = any (in_account_ids) end
          and tr.is_busted = 'N'
--and false
          and allocated_trades.alloc_instr_id is NULL
          and case
                  when in_reported_status = 'R' then rep.to_report = 'R'
                  when in_reported_status = 'U' then rep.to_report in ('U', 'C')
                  when in_reported_status is null then true end
          and case
                  when in_hide_non_customer_bphops and (chain_id is not null and chain_id != tr.client_order_id)
                      then false
                  else true end
          and case
                  when in_client_order_states is null then true
                  else fpo.order_status is not null and fpo.order_status = any (in_client_order_states) end;

    get diagnostics l_row_cnt = row_count;
    select public.load_log(l_load_id, l_step_id, l_msg_text || ' trade_record part finished', l_row_cnt, 'O')
    into l_step_id;

    return query
        select ai.date_id,
               null::int8                                        as trade_record_id,
               ai.account_id::int4,
               ai.instrument_id::int8,
               ai.side::character,
               ai.open_close::character,
               ai.avg_px::numeric,
               ai.total_qty::int4                                as exec_qty,
               i.display_instrument_id::character varying,
               --concat(split_part(i.display_instrument_id, ' ', 1), ' ', to_char(i.last_trade_date, 'DDMonYY'), ' ', split_part(i.display_instrument_id, ' ', 3))::character varying display_instrument_id,
               i.last_trade_date::date,
               i.instrument_type_id::character,
               ai.alloc_instr_id::int4,
               ai.create_time::timestamp without time zone       as alloc_time,
               true                                              as is_allocated,
               true                                              as is_bundle,
               null::character varying                           as cmta,
               ccr.exec_broker::character varying                as exec_broker,
               case i.instrument_type_id
                   when 'O' then ai.total_qty * ai.avg_px * os.contract_multiplier
                   else ai.total_qty * ai.avg_px
                   end                                           as   principal_amount,
               ccr.ccru_rate                                     as client_commission_rate,
               coalesce(ui.user_name, 'auto')::character varying as user_name,
               ccr.blaze_account_alias::character varying,
               null::timestamp without time zone                 as street_exec_time,
               -------
               i.last_trade_date,
               null::character                                   as opt_customer_or_firm,
               rep.to_report_mod::character                      as reported_status,
               rep.db_create_time                                as reported_time,
               bas.claimed_by                                    as claimed_by,
               bas.claim_status                                  as claim_status,
               null::boolean                                     as is_prev_reported,
               msg.db_create_time                                as db_create_time,
               msg.drop_message_status                           as alloc_drop_msg_status,
               msg.drop_message_reject_reason                    as alloc_drop_msg_reject_reason,
               ccr.ccru_amount                                   as client_commission_amount,
               case
                   when array_length(ccr.client_order_id, 1) > 1 then '-'
                   else ccr.client_order_id[1] end               as client_order_id,
               case
                   when array_length(ccr.order_status, 1) > 1 then '-'
                   else ccr.order_status[1] end ::char           as client_order_status,
               ai.clearing_submitted_away                        as clearing_submitted_away,
               ccr.brok_rate                                     as broker_commission_rate,
               ccr.brok_amount                                   as broker_commission_rate,
               case
                   when array_length(ccr.manual_broker, 1) > 1 then '-'
                   else ccr.manual_broker[1] end                 as manual_broker_code
        from genesis2.allocation_instruction ai
                 inner join genesis2.instrument i on (ai.instrument_id = i.instrument_id)
         left join lateral (select to_report_mod, to_report,
                                   rep.db_create_time
                            from t_trade_record rep
                            where rep.alloc_instr_id = ai.alloc_instr_id
                            order by rep.db_create_time
                            limit 1) rep on true
                 left join genesis2.account acc on acc.account_id = ai.account_id
                 left join genesis2.user_identifier ui on ai.created_by_user_id = ui.user_id
                 left join genesis2.option_contract oc on i.instrument_id = oc.instrument_id
                 left join genesis2.option_series os on oc.option_series_id = os.option_series_id
                 left join lateral (select bas.claimed_by, bas.claim_status
                                    from dash_reporting.bofa_allocation_instruction_status bas
                                    where bas.alloc_instr_id = ai.alloc_instr_id
                                      and bas.date_id = ai.date_id
                                    limit 1) bas on true

                 left join lateral (select sum(l1.ccru_rate * tr.last_qty) / nullif(sum(tr.last_qty), 0)                       as ccru_rate,
                                           case
                                               when count(distinct tr.blaze_account_alias) = 1
                                                   then max(tr.blaze_account_alias)
                                               when count(distinct tr.blaze_account_alias) > 1 then '-'
                                               end                                                                             as blaze_account_alias,
                                           string_agg(distinct tr.exec_broker, ', ')                                           as exec_broker,
                                           sum(ccru_amount)                                                                    as ccru_amount,
                                           array_agg(distinct tr.client_order_id)                                              as client_order_id,
                                           array_agg(distinct fpo.order_status)                                                as order_status,
                                           sum(l1.brok_rate * tr.last_qty) / nullif(sum(tr.last_qty), 0)                       as brok_rate,
                                           sum(brok_amount)                                                                    as brok_amount,
                                           array_agg(distinct case when tr.account_id = any(l_sg_accounts) then genesis2.get_manual_broker(in_subsystem_id := tr.subsystem_id,
                                                                                in_date_id := tr.date_id,
                                                                                in_exec_id := tr.exec_id,
                                                                                in_fix_message_id := tr.trade_fix_message_id) end) as manual_broker
                                    from genesis2.alloc_instr2trade_record alt
                                             inner join genesis2.trade_record tr
                                                        on alt.trade_record_id = tr.trade_record_id and alt.date_id = tr.date_id

                                             left join lateral (
                                        select max(case when book_record_type_id = 'CCRU' then l0.rate end)   as ccru_rate,
                                               sum(case when book_record_type_id = 'CCRU' then l0.amount end) as ccru_amount,
                                               max(case when book_record_type_id = 'BROK' then l0.rate end)   as brok_rate,
                                               sum(case when book_record_type_id = 'BROK' then l0.amount end) as brok_amount
                                        from (select rate,
                                                     tl.amount,
                                                     book_record_type_id,
                                                     row_number()
                                                     over (partition by tl.trade_record_id , book_record_type_id , billing_entity order by cr.priority ) as rn
                                              from genesis2.trade_level_book_record tl
                                                       inner join genesis2.book_record_creator cr
                                                                  on tl.book_record_creator_id = cr.book_record_creator_id
                                              where tl.date_id = in_date_id
                                                AND tl.book_record_type_id in ('CCRU', 'BROK')
                                                and tl.trade_record_id = alt.trade_record_id) l0
                                        where true
                                          and (l0.rn = 1 or l0.rn is null)
                                        ) l1 on true
                                             left join lateral (select distinct case when tr.subsystem_id = 'OMS_EDW' then '2' else fpo.order_status end as order_status
                                                                from staging.f_parent_order fpo
                                                                where fpo.status_date_id = in_date_id
                                                                  and fpo.parent_order_id = tr.order_id) fpo on true
                                    where alt.alloc_instr_id = ai.alloc_instr_id
                                      and tr.is_busted = 'N'
--                               and (l1.rn = 1 or l1.rn is null)
                                      and alt.date_id = in_date_id
                                      and tr.date_id = in_date_id
                                    limit 1
            ) ccr on true

                 left join lateral (select *
                                    from genesis2.alloc_drop_message_status msg
                                    where msg.alloc_instr_id = ai.alloc_instr_id
                                      and msg.drop_message_type = 'N'
                                    limit 1) msg on true

        where ai.date_id = in_date_id
          and case when coalesce(in_account_ids, '{}') = '{}' then false else ai.account_id = any (in_account_ids) end
          and ai.is_deleted = 'N'
--and false
          and case
                  when in_reported_status = 'R' then rep.to_report = 'R'
                  when in_reported_status = 'U' then rep.to_report in ('U', 'C', 'W') -- C the same as U
                  when in_reported_status is null then true end;

    get diagnostics l_row_cnt = row_count;
    select public.load_log(l_load_id, l_step_id, l_msg_text || ' allocation_instruction part finished', l_row_cnt, 'O')
    into l_step_id;

end ;
$function$
;

select ai.date_id,
               null::int8                                        as trade_record_id,
               ai.account_id::int4,
               ai.instrument_id::int8,
               ai.side::character,
               ai.open_close::character,
               ai.avg_px::numeric,
               ai.total_qty::int4                                as exec_qty,
               i.display_instrument_id::character varying,
               --concat(split_part(i.display_instrument_id, ' ', 1), ' ', to_char(i.last_trade_date, 'DDMonYY'), ' ', split_part(i.display_instrument_id, ' ', 3))::character varying display_instrument_id,
               i.last_trade_date::date,
               i.instrument_type_id::character,
               ai.alloc_instr_id::int4,
               ai.create_time::timestamp without time zone       as alloc_time,
               true                                              as is_allocated,
               true                                              as is_bundle,
               null::character varying                           as cmta,
               ccr.exec_broker::character varying                as exec_broker,
               case i.instrument_type_id
                   when 'O' then ai.total_qty * ai.avg_px * os.contract_multiplier
                   else ai.total_qty * ai.avg_px
                   end                                              principal_amount,
               ccr.ccru_rate                                     as client_commission_rate,
               coalesce(ui.user_name, 'auto')::character varying as user_name,
               ccr.blaze_account_alias::character varying,
               null::timestamp without time zone                 as street_exec_time,
               -------
               i.last_trade_date,
               null::character                                   as opt_customer_or_firm,
               rep.to_report_mod::character                      as reported_status,
               rep.db_create_time                                as reported_time,
               bas.claimed_by                                    as claimed_by,
               bas.claim_status                                  as claim_status,
               null::boolean                                     as is_prev_reported,
               msg.db_create_time                                as db_create_time,
               msg.drop_message_status                           as alloc_drop_msg_status,
               msg.drop_message_reject_reason                    as alloc_drop_msg_reject_reason,
               ccr.ccru_amount                                   as client_commission_amount,
               case
                   when array_length(ccr.client_order_id, 1) > 1 then '-'
                   else ccr.client_order_id[1] end               as client_order_id,
               case
                   when array_length(ccr.order_status, 1) > 1 then '-'
                   else ccr.order_status[1] end ::char           as client_order_status,
               ai.clearing_submitted_away                        as clearing_submitted_away,
               ccr.brok_rate                                     as broker_commission_rate,
               ccr.brok_amount                                   as broker_commission_rate,
               case
                   when array_length(ccr.manual_broker, 1) > 1 then '-'
                   else ccr.manual_broker[1] end                 as manual_broker_code
        from genesis2.allocation_instruction ai
                 inner join genesis2.instrument i on (ai.instrument_id = i.instrument_id)
         left join lateral (select to_report_mod, to_report,
                                   rep.db_create_time
                            from t_trade_record rep
                            where rep.alloc_instr_id = ai.alloc_instr_id
                            limit 1) rep on true
                 left join genesis2.account acc on acc.account_id = ai.account_id
                 left join genesis2.user_identifier ui on ai.created_by_user_id = ui.user_id
                 left join genesis2.option_contract oc on i.instrument_id = oc.instrument_id
                 left join genesis2.option_series os on oc.option_series_id = os.option_series_id
                 left join lateral (select bas.claimed_by, bas.claim_status
                                    from dash_reporting.bofa_allocation_instruction_status bas
                                    where bas.alloc_instr_id = ai.alloc_instr_id
                                      and bas.date_id = ai.date_id
                                    limit 1) bas on true

                 left join lateral (select sum(l1.ccru_rate * tr.last_qty) / nullif(sum(tr.last_qty), 0)                       as ccru_rate,
                                           case
                                               when count(distinct tr.blaze_account_alias) = 1
                                                   then max(tr.blaze_account_alias)
                                               when count(distinct tr.blaze_account_alias) > 1 then '-'
                                               end                                                                             as blaze_account_alias,
                                           string_agg(distinct tr.exec_broker, ', ')                                           as exec_broker,
                                           sum(ccru_amount)                                                                    as ccru_amount,
                                           array_agg(distinct tr.client_order_id)                                              as client_order_id,
                                           array_agg(distinct fpo.order_status)                                                as order_status,
                                           sum(l1.brok_rate * tr.last_qty) / nullif(sum(tr.last_qty), 0)                       as brok_rate,
                                           sum(brok_amount)                                                                    as brok_amount,
                                           array_agg(distinct case when tr.account_id = any(:l_sg_accounts) then genesis2.get_manual_broker(in_subsystem_id := tr.subsystem_id,
                                                                                in_date_id := tr.date_id,
                                                                                in_exec_id := tr.exec_id,
                                                                                in_fix_message_id := tr.trade_fix_message_id) end) as manual_broker
                                    from genesis2.alloc_instr2trade_record alt
                                             inner join genesis2.trade_record tr
                                                        on alt.trade_record_id = tr.trade_record_id and alt.date_id = tr.date_id

                                             left join lateral (
                                        select max(case when book_record_type_id = 'CCRU' then l0.rate end)   as ccru_rate,
                                               sum(case when book_record_type_id = 'CCRU' then l0.amount end) as ccru_amount,
                                               max(case when book_record_type_id = 'BROK' then l0.rate end)   as brok_rate,
                                               sum(case when book_record_type_id = 'BROK' then l0.amount end) as brok_amount
                                        from (select rate,
                                                     tl.amount,
                                                     book_record_type_id,
                                                     row_number()
                                                     over (partition by tl.trade_record_id , book_record_type_id , billing_entity order by cr.priority ) as rn
                                              from genesis2.trade_level_book_record tl
                                                       inner join genesis2.book_record_creator cr
                                                                  on tl.book_record_creator_id = cr.book_record_creator_id
                                              where tl.date_id = :in_date_id
                                                AND tl.book_record_type_id in ('CCRU', 'BROK')
                                                and tl.trade_record_id = alt.trade_record_id) l0
                                        where true
                                          and (l0.rn = 1 or l0.rn is null)
                                        ) l1 on true
                                             left join lateral (select distinct case when tr.subsystem_id = 'OMS_EDW' then '2' else fpo.order_status end as order_status
                                                                from staging.f_parent_order fpo
                                                                where fpo.status_date_id = :in_date_id
                                                                  and fpo.parent_order_id = tr.order_id) fpo on true
                                    where alt.alloc_instr_id = ai.alloc_instr_id
                                      and tr.is_busted = 'N'
--                               and (l1.rn = 1 or l1.rn is null)
                                      and alt.date_id = :in_date_id
                                      and tr.date_id = :in_date_id
                                    limit 1
            ) ccr on true

                 left join lateral (select *
                                    from genesis2.alloc_drop_message_status msg
                                    where msg.alloc_instr_id = ai.alloc_instr_id
                                      and msg.drop_message_type = 'N'
                                    limit 1) msg on true

        where ai.date_id = :in_date_id
          and case when coalesce(:in_account_ids, '{}') = '{}' then false else ai.account_id = any (:in_account_ids) end
          and ai.is_deleted = 'N'


select
         tr.account_id,
         tr.account_id = any(:l_sg_accounts),
         genesis2.get_manual_broker(in_subsystem_id := tr.subsystem_id,
                                                                                in_date_id := tr.date_id,
                                                                                in_exec_id := tr.exec_id,
                                                                                in_fix_message_id := tr.trade_fix_message_id),
*
                                    from genesis2.alloc_instr2trade_record alt
                                             inner join genesis2.trade_record tr
                                                        on alt.trade_record_id = tr.trade_record_id and alt.date_id = tr.date_id

                                             left join lateral (
                                        select max(case when book_record_type_id = 'CCRU' then l0.rate end)   as ccru_rate,
                                               sum(case when book_record_type_id = 'CCRU' then l0.amount end) as ccru_amount,
                                               max(case when book_record_type_id = 'BROK' then l0.rate end)   as brok_rate,
                                               sum(case when book_record_type_id = 'BROK' then l0.amount end) as brok_amount
                                        from (select rate,
                                                     tl.amount,
                                                     book_record_type_id,
                                                     row_number()
                                                     over (partition by tl.trade_record_id , book_record_type_id , billing_entity order by cr.priority ) as rn
                                              from genesis2.trade_level_book_record tl
                                                       inner join genesis2.book_record_creator cr
                                                                  on tl.book_record_creator_id = cr.book_record_creator_id
                                              where tl.date_id = :in_date_id
                                                AND tl.book_record_type_id in ('CCRU', 'BROK')
                                                and tl.trade_record_id = alt.trade_record_id) l0
                                        where true
                                          and (l0.rn = 1 or l0.rn is null)
                                        ) l1 on true
                                             left join lateral (select distinct case when tr.subsystem_id = 'OMS_EDW' then '2' else fpo.order_status end as order_status
                                                                from staging.f_parent_order fpo
                                                                where fpo.status_date_id = :in_date_id
                                                                  and fpo.parent_order_id = tr.order_id) fpo on true
                                    where alt.alloc_instr_id in (-347588710, -347257044)

                                      and tr.is_busted = 'N'
--                               and (l1.rn = 1 or l1.rn is null)
                                      and alt.date_id = :in_date_id
                                      and tr.date_id = :in_date_id;


select *                    from t_trade_record rep
                            where rep.alloc_instr_id in (-347588710, -347257044)


select distinct on (atr.trade_record_id, br.to_report, br.alloc_instr_id) atr.trade_record_id,
                                                                              br.to_report,
                                                                              br.alloc_instr_id,
                                                                              br.db_create_time,
                                                                              'B' as alloc_rep_type
    from dash_reporting.bofa_allocation_report br
             join genesis2.alloc_instr2trade_record atr
                  on atr.alloc_instr_id = br.alloc_instr_id and atr.date_id = br.date_id
where br.alloc_instr_id in (-347588710, -347257044);



    drop table if exists t_trade_record;
    create temp table t_trade_record
    as
    select distinct on (atr.trade_record_id, br.to_report, br.alloc_instr_id) atr.trade_record_id,
                                                                              br.to_report,
                                                                              br.alloc_instr_id,
                                                                              br.db_create_time,
                                                                              'B'     as alloc_rep_type,
                                                                              case
                                                                                  when br.to_report is distinct from 'U'
                                                                                      then br.to_report
                                                                                  when staging.get_fully_reported_trade(br.alloc_instr_id, br.date_id) = 1 -- means that only one value is possible in related trade_records and it can be only R
                                                                                      then 'U'
                                                                                  else 'W'
                                                                                  end as to_report_mod
    from dash_reporting.bofa_allocation_report br
             join genesis2.alloc_instr2trade_record atr
                  on atr.alloc_instr_id = br.alloc_instr_id and atr.date_id = br.date_id
    where br.date_id = :in_date_id
    union all
    select btr.trade_record_id, to_report, 0, btr.db_create_time, 'T' as alloc_rep_type, to_report
    from dash_reporting.bofa_trade_record btr
    where btr.date_id = :in_date_id;

    analyze t_trade_record;
    create index on t_trade_record (trade_record_id);
    create index on t_trade_record (alloc_instr_id);


    select string_agg(ac.account_id::text,',')
    from account ac
             join staging.sg_trading_firm using (trading_firm_id)
    where ac.is_deleted = 'N'; -- {78716,78741,78724,78728,78779,78780,78781,78782,78783,78784,78785,78786,78787,78788,78789,78790,78791,78792,78793,78794,78795,78796,78797,78798,78799,78800,78801,78802,78803,78804,78805,78806,78807,78808,78809,78810,78811,78812,78813,78814,78815,78816,78817,78818,78819,78820,78821,78822,78823,78824,78825,78826,78827,78828,78829,78830,78831,78832,78833,78834,78835,78836,78837,78838,78839,78840,78841,78842,78845,78847,78848,78849,78850,78851,78852,78853,78854,78855,78856,78857,78858,78859,78860,78861,78862,78863,78864,78865,78866,78867,78868,78869,78870,78871,78872,78873,78874,78875,78876,78877,78878,78879,78880,78881,78882,78883,78884,78885,78886,78887,78888,78889,78890,78891,78892,78893,78894,78895,78896,78897,78899,78903,78904,78905,78906,78907,78908,78909,78910,78911,78912,78913,78914,78915,78916,78917,78918,78919,78920,78921,78922,78923,78925,78926,78927,78928,78929,78930,78931,78932,78933,78934,78935,78936,78937,78941,78942,78943,78944,78945,78946,78947,78948,78949,78950,78951,78952,78953,78954,78955,78956,78957,78958,78959,78963,78964,78965,78966,78967,78968,78969,78970,78971,78972,78973,78843,78844,78846,78962,78961,78960,78898,78900,78901,78902,78924,78938,78939,78940,77876,77810,77004,77005,77802,77800,78202,78205,78315,78345,75887,75888,77143,77144,77216,77405,77406,77767,77768,77769,77798,77799,77801,77803,77804,77805,77806,77807,77808,77809,78211,78213,77811,77812,77813,77814,77815,77816,77817,77851,77853,77854,77857,77858,77859,77860,77861,77877,77878,77879,77880,78201,78203,78204,78206,78207,78208,78209,78210,78212,78218,78214,78215,78216,78217,78219,78221,78228,78242,78304,78305,78309,78311,78313,78314,78316,78317,78220,78318,78319,78320,78321,78342,78343,78344,78346,78347,78348,78349,78350,78351,78352,78222,78223,78224,78225,78226,78227,78229,78230,78231,76160,78234,75867,78235,77134,78236,78237,78238,78239,78240,78241,78243,78244,78245,78246,78247,78248,78249,78993,78994,79019,75866,75868,77132,79020,78995,79021,78996,79022,78997,79023,78998,79024,78999,79025,79026,79027,79028,79029,79030,79031,79032,79033,79034,79035,79036,79037,79038,79039,79040,79041,79042,79043,79044,79045,79046,79047,79048,79049,75886,77142,77208,77379,77380,77401,77403,77404}


    analyze t_trade_record;
    create index on t_trade_record (trade_record_id);
    create index on t_trade_record (alloc_instr_id);



    drop table if exists t_alloc_instr2trade_record;
    create temp table t_alloc_instr2trade_record as
    select ai2tr.trade_record_id, a.alloc_instr_id, a.date_id
    from genesis2.allocation_instruction a
             inner join genesis2.alloc_instr2trade_record ai2tr
                        on (a.alloc_instr_id = ai2tr.alloc_instr_id and ai2tr.date_id = a.date_id)
    where true
      and case when :in_account_ids = '{}' then true else a.account_id = any (:in_account_ids) end
      and a.date_id = :in_date_id
      and a.is_deleted = 'N';
    create index on t_alloc_instr2trade_record (trade_record_id);

drop table if exists tmp_tr;
create temp table tmp_tr as
select tr.date_id::int4,
       tr.trade_record_id::int8,
       tr.account_id::int4,
       tr.instrument_id::int8,
       tr.side::character,
       tr.open_close::character,
       tr.last_px                                                                               as avg_px,
       tr.last_qty::int4                                                                        as exec_qty,
       i.display_instrument_id,
       i.last_trade_date::date,
       i.instrument_type_id::character,
       null::int4                                                                               as alloc_instr_id,
       null::timestamp without time zone                                                        as alloc_time,
       false                                                                                    as is_allocated,
       false                                                                                    as is_bundle,
       tr.cmta::character varying,
       tr.exec_broker::character varying,
       case i.instrument_type_id
           when 'O' then tr.last_qty * tr.last_px * os.contract_multiplier
           else tr.last_qty * tr.last_px
           end                                                                                  as principal_amount,
       CCRU.ccru_rate                                                                           as client_commission_rate,
       null::character varying                                                                  as user_name,
       tr.blaze_account_alias::character varying,
       coalesce(tr.street_trade_record_time, tr.trade_record_time)::timestamp without time zone as street_exec_time,
       ----------------
       i.last_trade_date                                                                        as expiration_date,
       tr.opt_customer_firm::character,
       coalesce(nullif(tr.is_billed, 'N'), rep.to_report)::character                            as reported_status,
       coalesce(x.db_create_time,
                rep.db_create_time)                                                             as reported_time,
       bas.claimed_by::int4                                                                     as claimed_by,
       bas.claim_status::character                                                              as claim_status,
       case when tr.is_billed = 'R' then true end                                               as is_prev_reported,
       msg.db_create_time                                                                       as db_create_time,
       msg.drop_message_status                                                                  as alloc_drop_msg_status,
       msg.drop_message_reject_reason                                                           as alloc_drop_msg_reject_reason,
       CCRU.ccru_amount                                                                         as client_commission_amount,
       tr.client_order_id                                                                       as client_order_id,
--                (case when tr.subsystem_id = 'OMS_EDW' then '2' else fpo.order_status end)::character    as client_order_status,
       null::character                                                                          as clearing_submitted_away,
       CCRU.brok_rate                                                                           as broker_commission_rate,
       CCRU.brok_amount                                                                         as broker_commission_amount,
       tr.account_id = any (:l_sg_accounts)                                                     as is_sg,
       case
           when tr.subsystem_id = 'OMS_EDW' and tr.account_id = any (:l_sg_accounts)
               then (select manual_broker::character varying
                     from staging.trade_record_blaze7 as bl
                     where bl.date_id = tr.date_id
                       and bl.exec_id = tr.exec_id
                       and bl.manual_broker is not null
                     limit 1)
           when not (tr.subsystem_id = 'OMS_EDW') and tr.account_id = any (:l_sg_accounts)
               then (select fix_message ->> '10568' as manual_broker_code
                     from staging.fix_message_json fmj
                     where fmj.date_id = tr.date_id
                       and fmj.fix_message_id = tr.trade_fix_message_id
                     limit 1) end
from genesis2.trade_record tr
         inner join genesis2.instrument i on (tr.instrument_id = i.instrument_id)
         left join t_alloc_instr2trade_record as allocated_trades
                   on allocated_trades.trade_record_id = TR.TRADE_RECORD_ID
         left join lateral (select rep.to_report, rep.db_create_time
                            from t_trade_record rep
                            where rep.trade_record_id = tr.trade_record_id
                            limit 1) rep on true
         left join genesis2.option_contract oc on i.instrument_id = oc.instrument_id
         left join genesis2.option_series os on oc.option_series_id = os.option_series_id
         left join lateral (select bas.claimed_by, bas.claim_status
                            from dash_reporting.bofa_allocation_instruction_status bas
                            where bas.alloc_instr_id = allocated_trades.alloc_instr_id
                              and bas.date_id = allocated_trades.date_id
                              and false
                            limit 1) bas on true

         left join lateral (select max(case when book_record_type_id = 'CCRU' then L1.rate end)   as ccru_rate,
                                   sum(case when book_record_type_id = 'CCRU' then l1.amount end) as ccru_amount,
                                   max(case when book_record_type_id = 'BROK' then L1.rate end)   as brok_rate,
                                   sum(case when book_record_type_id = 'BROK' then l1.amount end) as brok_amount
                            from (SELECT tl.trade_record_id,
                                         book_record_type_id,
                                         row_number()
                                         over (partition by tl.trade_record_id , book_record_type_id , billing_entity order by cr.priority ) as rn,
                                         tl.rate,
                                         tl.amount
                                  FROM genesis2.trade_level_book_record tl
                                           inner join genesis2.book_record_creator cr
                                                      on tl.book_record_creator_id = cr.book_record_creator_id
                                  WHERE tl.date_id = :in_date_id
                                    AND book_record_type_id in ('CCRU', 'BROK')
                                    and tl.trade_record_id = tr.trade_record_id) L1
                            where rn = 1) ccru on true
         left join lateral (select msg.db_create_time, msg.drop_message_status, msg.drop_message_reject_reason
                            from genesis2.alloc_drop_message_status msg
                            where msg.alloc_instr_id = allocated_trades.alloc_instr_id
                              and msg.drop_message_type = 'N'
                              and false
                            limit 1) msg on true
         left join lateral (select fix_message ->> '10707' as chain_id
                            from staging.fix_message_json fmj
                            where fmj.date_id = tr.date_id
                              and fmj.fix_message_id = tr.trade_fix_message_id
                            limit 1) fmj on :in_hide_non_customer_bphops

    --                  left join lateral (select fpo.order_status
--                                     from staging.f_parent_order fpo
--                                     where fpo.status_date_id = :in_date_id
--                                       and fpo.parent_order_id = tr.order_id
--                                     limit 1) fpo on true and tr.subsystem_id is distinct from 'OMS_EDW'
         left join lateral (select min(db_create_time) as db_create_time
                            from t_trade_record
                            where true
                              and trade_record_id = tr.trade_record_id
                                 order by db_create_time
                            limit 1) x on true and coalesce(nullif(tr.is_billed, 'N'), rep.to_report) = 'R'
where tr.date_id = :in_date_id
  and case when coalesce(:in_account_ids, '{}') = '{}' then false else tr.account_id = any (:in_account_ids) end
  and tr.is_busted = 'N'
--and false
  and allocated_trades.alloc_instr_id is NULL;

